backend,probes,retrieval_accuracy,mean_reciprocal_rank,stale_exposure_rate,poison_exposure_rate,foreign_exposure_rate,tokens_ingested,mean_tokens_retrieved,p95_write_latency_seconds,p95_retrieval_latency_seconds
mem0,144,0.7291666666666666,0.471875,0.6666666666666666,0.16666666666666666,0,4050,90.16666666666667,0.02832618500688113,0.04653548498317832
memanto,144,0.9444444444444444,0.5506944444444445,0.75,0.22916666666666666,0,4050,90.95833333333333,0.9486111450183669,0.44859914001572176
